Keyword,Position,Previous position,Search Volume,Keyword Difficulty,CPC,URL,Traffic,Traffic (%),Traffic Cost,Competition,Number of Results,Trends,Timestamp,SERP Features by Keyword,Keyword Intents,Position Type
stora,1,1,1600,56,5.34,https://stora.co/,1280,65.64,6835.00,0.08,157000000,"[68,68,52,68,84,84,100,100,100,84,100,84]",2025-01-01,"Knowledge panel, Image pack, Sitelinks, Reviews, Video, Image, Video Carousel, People also ask, Related searches",navigational,Organic
stora home,2,2,720,26,2.95,https://stora.co/,95,4.87,280.00,1,2830000000,"[13,13,1,36,30,62,62,62,81,100,36,45]",2024-12-29,"Image pack, Sitelinks, Reviews, Video, Image, Related searches",informational,Organic
stora a,2,2,480,18,4.72,https://stora.co/,63,3.23,297.00,0.35,17310000000,"[0,0,66,81,81,100,66,81,100,81,100,81]",2025-01-03,"Image pack, Sitelinks, Reviews, Image, People also ask, Related searches","informational, transactional",Organic
stora home,3,3,720,26,2.95,https://stora.co/features/self-storage-management-software,59,3.02,174.00,1,2830000000,"[13,13,1,36,30,62,62,62,81,100,36,45]",2024-12-29,"Image pack, Sitelinks, Reviews, Video, Image, Related searches",informational,Organic
stora com,1,1,50,29,5.27,https://stora.co/,40,2.05,210.00,0.57,58000000,"[17,11,11,17,11,5,100,82,64,82,0,0]",2024-12-19,"Image pack, Sitelinks, Reviews, Related searches","navigational, transactional",Organic
stora a,3,3,480,18,4.72,https://stora.co/pricing,39,2,184.00,0.35,17310000000,"[0,0,66,81,81,100,66,81,100,81,100,81]",2025-01-03,"Image pack, Sitelinks, Reviews, Image, People also ask, Related searches","informational, transactional",Organic
stora login,1,1,40,11,1.36,https://app.stora.co/account/sign_in,32,1.64,43.00,0.08,87,"[22,22,22,22,22,22,100,22,77,55,77,55]",2025-01-08,"Image pack, Sitelinks, Reviews, Related searches","navigational, transactional",Organic
how much does it cost to build 100 storage units,2,2,1000,15,1.83,https://stora.co/blog/how-much-does-it-cost-to-build-100-storage-units,30,1.53,54.00,0.14,122000000,"[62,62,62,81,81,81,62,62,62,62,55,45]",2024-12-29,"Sitelinks, Reviews, People also ask, Related searches, AI overview",informational,Organic
automated self storage,5,5,1000,15,2.55,https://stora.co/academy/the-pros-cons-of-a-fully-automated-self-storage-facility,24,1.23,61.00,0.36,122000000,"[1,1,1,1,1,1,3,3,4,100,23,3]",2024-12-27,"Local pack, Image pack, Reviews, Related searches",commercial,Organic
storage unit roi,4,4,390,18,0.00,https://stora.co/academy/are-self-storage-units-profitable,9,0.46,0.00,0.08,20500000,"[24,11,44,16,44,20,8,4,0,0,0,0]",2024-12-18,"Image pack, Sitelinks, Reviews, Image, People also ask, Related searches",informational,Organic
storage business,9,9,1000,26,2.49,https://stora.co/blog/how-to-start-a-self-storage-business,9,0.46,22.00,0.27,1350000000,"[2,81,3,3,3,23,3,8,5,3,3,3]",2025-01-03,"Local pack, Sitelinks, Reviews, People also ask, Related searches",informational,Organic
cost to build a storage facility,6,6,1000,11,1.47,https://stora.co/blog/how-much-does-it-cost-to-build-100-storage-units,9,0.46,13.00,0.69,108000000,"[67,76,76,67,76,100,76,67,67,76,55,76]",2025-01-02,"Sitelinks, Reviews, Video, People also ask, Related searches, Discussions and forums",informational,Organic
cost of building storage units,7,7,480,13,1.47,https://stora.co/blog/how-much-does-it-cost-to-build-100-storage-units,9,0.46,13.00,0.69,186000000,"[36,30,45,45,45,24,8,36,30,36,24,30]",2025-01-02,"Sitelinks, Reviews, People also ask, Related searches",informational,Organic
self storage business,5,5,720,33,2.46,https://stora.co/blog/how-to-start-a-self-storage-business,9,0.46,22.00,0.25,498000000,"[72,88,88,48,72,72,59,72,88,59,48,100]",2024-12-29,"Sitelinks, Reviews, Video, People also ask, Related searches, Discussions and forums",informational,Organic
cost to build storage units,6,6,1000,11,1.47,https://stora.co/blog/how-much-does-it-cost-to-build-100-storage-units,7,0.35,10.00,0.69,178000000,"[62,45,55,36,81,81,36,100,81,81,62,55]",2025-01-02,"Sitelinks, Reviews, People also ask, Related searches, Discussions and forums, AI overview",informational,Organic
self storage construction costs,6,6,390,11,1.47,https://stora.co/blog/how-much-does-it-cost-to-build-100-storage-units,7,0.35,10.00,0.69,88000000,"[21,17,48,88,100,14,21,26,48,9,17,26]",2024-12-22,"Image pack, Sitelinks, Reviews, People also ask, Related searches, Discussions and forums, AI overview",informational,Organic
cost to build a self storage facility,6,6,320,10,1.81,https://stora.co/blog/how-much-does-it-cost-to-build-100-storage-units,7,0.35,12.00,0.57,69900000,"[81,81,100,100,100,100,81,43,54,66,35,35]",2025-01-06,"Sitelinks, Reviews, People also ask, Related searches, Discussions and forums",informational,Organic
how much does it cost to build storage units,9,9,880,13,1.24,https://stora.co/blog/how-much-does-it-cost-to-build-100-storage-units,7,0.35,8.00,0.33,173000000,"[72,59,100,88,72,88,72,59,72,88,100,100]",2025-01-02,"Sitelinks, Reviews, People also ask, Related searches",informational,Organic
cost to build self storage,7,7,390,10,1.47,https://stora.co/blog/how-much-does-it-cost-to-build-100-storage-units,7,0.35,10.00,0.69,241000000,"[48,39,72,32,59,39,48,48,39,48,14,26]",2024-12-25,"Sitelinks, Reviews, People also ask, Related searches",informational,Organic
10x10 storage unit cost to build,3,3,170,11,1.36,https://stora.co/blog/how-much-does-it-cost-to-build-100-storage-units,5,0.25,6.00,0.59,202000,"[66,66,80,80,80,80,80,100,80,80,66,66]",2024-12-18,"Sitelinks, Reviews, People also ask, Related searches",informational,Organic
storebird,2,2,40,45,0.00,https://stora.co/self-storage-logo-design/storebird,5,0.25,0.00,0,114000,"[55,55,55,22,100,100,22,22,22,22,22,22]",2024-12-23,"Sitelinks, Reviews, Image, People also ask, Related searches",commercial,Organic
how much does it cost to build a storage facility,9,9,590,15,1.24,https://stora.co/blog/how-much-does-it-cost-to-build-100-storage-units,4,0.2,4.00,0.33,150000000,"[36,55,67,45,30,45,30,36,36,45,55,67]",2024-12-30,"Sitelinks, Reviews, People also ask, Related searches, AI overview",informational,Organic
starting a storage company,5,5,170,17,1.76,https://stora.co/blog/how-to-start-a-self-storage-business,4,0.2,7.00,0.33,1190000000,"[53,42,53,34,100,80,100,100,80,80,65,65]",2024-12-31,"Sitelinks, Reviews, Video, Ads top, People also ask, Related searches",informational,Organic
how to start a storage unit business,5,5,480,15,1.38,https://stora.co/blog/how-to-start-a-self-storage-business,4,0.2,5.00,0.26,458000000,"[66,66,81,54,54,81,81,54,100,81,66,66]",2024-12-24,"Sitelinks, Reviews, People also ask, Related searches, Discussions and forums, AI overview",informational,Organic
self storage software,10,10,880,55,9.64,https://stora.co/,4,0.2,38.00,0.45,348000000,"[24,20,36,20,24,30,30,36,24,100,36,54]",2025-01-01,"Sitelinks, Reviews, Video Carousel, People also ask, Related searches, Discussions and forums",informational,Organic
how to start a storage business,5,5,480,15,1.38,https://stora.co/blog/how-to-start-a-self-storage-business,4,0.2,5.00,0.26,975000000,"[81,81,66,66,66,100,100,81,81,81,100,54]",2025-01-01,"Sitelinks, Reviews, People also ask, Related searches, Discussions and forums",informational,Organic
how much does it cost to build a self storage,7,7,320,11,1.24,https://stora.co/blog/how-much-does-it-cost-to-build-100-storage-units,4,0.2,4.00,0.33,250000000,"[18,23,54,81,81,81,28,35,44,44,81,28]",2024-12-24,"Sitelinks, Reviews, People also ask, Related searches, AI overview",informational,Organic
starting a self storage business,4,4,260,15,1.76,https://stora.co/blog/how-to-start-a-self-storage-business,4,0.2,7.00,0.33,467000000,"[66,82,100,82,66,66,66,66,53,66,43,66]",2024-12-13,"Sitelinks, Reviews, Video, People also ask, Related searches, Discussions and forums",informational,Organic
how much does it cost to build self storage units,8,8,260,9,1.24,https://stora.co/blog/how-much-does-it-cost-to-build-100-storage-units,3,0.15,3.00,0.33,66900000,"[7,9,48,39,39,26,17,26,21,32,14,48]",2024-12-12,"Sitelinks, Reviews, People also ask, Related searches",informational,Organic
cost to build a storage unit building,9,9,880,13,1.47,https://stora.co/blog/how-much-does-it-cost-to-build-100-storage-units,3,0.15,4.00,0.69,176000000,"[81,81,81,55,62,55,55,55,55,20,16,16]",2024-12-30,"Image pack, Sitelinks, Reviews, People also ask, Related searches, Discussions and forums",informational,Organic
how much to build self storage units,7,7,210,9,1.23,https://stora.co/blog/how-much-does-it-cost-to-build-100-storage-units,3,0.15,3.00,0.42,113000000,"[35,17,66,23,66,53,66,66,66,100,43,43]",2024-12-27,"Sitelinks, Reviews, Video, People also ask, Related searches",informational,Organic
how to start a self storage unit business,3,3,140,16,1.53,https://stora.co/blog/how-to-start-a-self-storage-business,3,0.15,4.00,0.41,323000000,"[0,0,0,0,0,0,0,81,100,54,66,66]",2025-01-06,"Sitelinks, Reviews, People also ask, Related searches, Discussions and forums, AI overview",informational,Organic
how to open a self storage facility,3,3,140,13,2.02,https://stora.co/blog/how-to-start-a-self-storage-business,3,0.15,6.00,0.13,300000000,"[53,80,53,65,80,80,42,53,100,34,26,26]",2025-01-03,"Sitelinks, Reviews, People also ask, Related searches, Discussions and forums, AI overview",informational,Organic
how to start a storage facility business,4,4,140,15,1.53,https://stora.co/blog/how-to-start-a-self-storage-business,3,0.15,4.00,0.41,238000000,"[2,4,4,2,6,2,2,43,100,81,43,81]",2025-01-06,"Sitelinks, Reviews, People also ask, Related searches, Discussions and forums, AI overview",informational,Organic
cost to build self storage units,9,9,390,8,1.47,https://stora.co/blog/how-much-does-it-cost-to-build-100-storage-units,3,0.15,4.00,0.69,63300000,"[35,44,81,66,81,44,44,66,100,44,35,66]",2024-12-14,"Sitelinks, Reviews, People also ask, Related searches",informational,Organic
self storage marketing ideas,4,4,50,8,6.80,https://stora.co/blog/self-storage-marketing-tips,3,0.15,20.00,0.18,64600000,"[36,45,45,36,27,27,27,18,27,27,100,100]",2024-12-15,"Sitelinks, Reviews, Related searches, Discussions and forums",informational,Organic
how much does it cost to build self storage,7,7,210,7,1.24,https://stora.co/blog/how-much-does-it-cost-to-build-100-storage-units,3,0.15,3.00,0.33,282000000,"[21,43,100,100,81,53,53,53,81,53,43,100]",2024-12-13,"Sitelinks, Reviews, People also ask, Related searches",informational,Organic
self storage abandoned unit letter template,14,14,1300,4,0.00,https://stora.co/blog/storage-unit-eviction-process,3,0.15,0.00,0,95,"[100,0]",2025-01-05,"Image pack, Sitelinks, Reviews, Image, People also ask, Related searches",informational,Organic
self storage website templates,3,3,40,8,5.05,https://stora.co/features/website-design-for-self-storage,3,0.15,15.00,0.3,32500000,"[18,27,18,18,18,18,18,18,18,18,100,100]",2024-12-31,"Image pack, Reviews, Image, People also ask, Related searches",commercial,Organic
software for self storage,10,10,390,48,9.64,https://stora.co/,3,0.15,28.00,0.45,322000000,"[6,10,30,24,36,13,20,45,100,30,45,13]",2024-12-13,"Sitelinks, Reviews, Related searches, Discussions and forums",commercial,Organic
self storage newsletter,8,8,110,8,4.07,https://stora.co/self-storage-newsletter,2,0.1,8.00,0.08,627000000,"[35,100,78,100,78,78,100,78,78,78,64,64]",2024-12-14,"Image pack, Reviews, Related searches",informational,Organic
price to build storage units,11,11,480,13,1.47,https://stora.co/blog/how-much-does-it-cost-to-build-100-storage-units,2,0.1,2.00,0.69,104000000,"[81,29,54,67,81,100,29,29,44,23,29,54]",2024-12-12,"Image pack, Sitelinks, Reviews, People also ask, Related searches, AI overview",informational,Organic
storage facility software,10,10,480,51,9.64,https://stora.co/,2,0.1,19.00,0.45,107000000,"[16,13,36,30,24,36,55,100,55,30,16,13]",2024-12-29,"Sitelinks, Reviews, Video, People also ask, Related searches, Discussions and forums, AI overview",informational,Organic
storage locker business,4,4,590,25,2.46,https://stora.co/blog/how-to-start-a-self-storage-business,2,0.1,4.00,0.25,26000000,"[39,9,72,21,100,59,59,48,59,72,48,59]",2024-12-30,"Image pack, Sitelinks, Video Carousel, People also ask, Related searches, Discussions and forums",informational,Organic
stora app,3,3,30,14,2.13,https://stora.co/,2,0.1,4.00,0.31,37,"[0,0,0,0,0,100,0,0,0,5,0,0]",2024-12-30,"Sitelinks, Reviews, People also ask, Related searches",transactional,Organic
self storage programs,10,10,720,51,9.64,https://stora.co/,2,0.1,19.00,0.45,218000000,"[4,2,30,8,16,24,36,66,54,100,20,7]",2024-12-29,"Sitelinks, Reviews, People also ask, Related searches, Discussions and forums",informational,Organic
owning a storage business,5,5,170,24,1.76,https://stora.co/blog/how-to-start-a-self-storage-business,2,0.1,3.00,0.33,794000000,"[7,34,19,80,100,80,100,100,80,80,65,65]",2024-12-17,"Sitelinks, Reviews, Video, People also ask, Related searches, Discussions and forums",informational,Organic
cost to build self storage facility,7,7,110,9,2.05,https://stora.co/blog/how-much-does-it-cost-to-build-100-storage-units,2,0.1,4.00,0.69,43400000,"[64,64,82,64,82,82,82,64,29,52,82,52]",2024-12-17,"Sitelinks, Reviews, People also ask, Related searches",informational,Organic
how to start a self storage business,4,4,480,11,1.38,https://stora.co/blog/how-to-start-a-self-storage-business,2,0.1,2.00,0.26,531000000,"[81,66,100,66,66,81,66,81,81,100,66,54]",2024-12-28,"Sitelinks, Reviews, Video Carousel, People also ask, Related searches, Discussions and forums, AI overview",informational,Organic
starting a storage business,4,4,320,18,1.76,https://stora.co/blog/how-to-start-a-self-storage-business,2,0.1,3.00,0.33,1110000000,"[66,82,82,66,66,66,82,82,66,82,82,82]",2024-12-28,"Sitelinks, Reviews, Video Carousel, People also ask, Related searches, Discussions and forums",informational,Organic
mini storage business,6,6,480,26,2.46,https://stora.co/blog/how-to-start-a-self-storage-business,2,0.1,4.00,0.25,314000000,"[44,66,36,66,100,66,54,66,66,23,81,66]",2024-12-20,"Local pack, Sitelinks, Reviews, Video Carousel, People also ask, Related searches, AI overview",informational,Organic
cost to build mini storage,9,9,260,10,1.47,https://stora.co/blog/how-much-does-it-cost-to-build-100-storage-units,2,0.1,2.00,0.69,106000000,"[18,18,43,66,100,35,81,35,66,81,18,100]",2024-12-19,"Sitelinks, Reviews, Video Carousel, People also ask, Related searches",informational,Organic
storage unit building cost,8,8,210,16,1.53,https://stora.co/blog/how-much-does-it-cost-to-build-100-storage-units,2,0.1,3.00,0.57,239000000,"[66,81,44,66,23,35,54,18,23,23,18,15]",2025-01-03,"Sitelinks, Reviews, Video, People also ask, Related searches",informational,Organic
cost of self storage units to build,11,11,480,17,1.47,https://stora.co/blog/how-much-does-it-cost-to-build-100-storage-units,2,0.1,2.00,0.69,489000000,"[100,100,100,16,24,10,16,20,8,5,16,20]",2024-12-25,"Sitelinks, Reviews, Featured snippet, People also ask, Related searches",informational,Organic
starting a storage unit business,5,5,320,12,1.61,https://stora.co/blog/how-to-start-a-self-storage-business,2,0.1,3.00,0.4,295000000,"[82,100,66,66,82,100,66,66,82,66,66,66]",2025-01-04,"Sitelinks, Reviews, People also ask, Related searches, Discussions and forums","commercial, informational",Organic
starting a mini storage business,4,4,170,14,1.61,https://stora.co/blog/how-to-start-a-self-storage-business,2,0.1,3.00,0.4,361000000,"[34,43,53,100,65,43,53,43,53,43,43,34]",2025-01-08,"Sitelinks, Reviews, People also ask, Related searches, Discussions and forums, AI overview",informational,Organic
building storage units prices,8,8,320,13,1.47,https://stora.co/blog/how-much-does-it-cost-to-build-100-storage-units,2,0.1,2.00,0.69,365000000,"[11,11,14,21,32,14,21,26,11,100,48,72]",2024-12-31,"Image pack, Sitelinks, Reviews, People also ask, Related searches, AI overview",transactional,Organic
self storage management software,16,16,260,48,10.65,https://stora.co/,1,0.05,10.00,0.49,249000000,"[82,66,82,100,100,66,53,53,66,66,82,82]",2024-12-28,"Sitelinks, Reviews, Video, Related searches, Discussions and forums",informational,Organic
average cost to build self storage,5,5,50,10,1.42,https://stora.co/blog/how-much-does-it-cost-to-build-100-storage-units,1,0.05,1.00,0.45,82900000,"[19,26,19,26,19,19,26,19,26,19,19,19]",2025-01-03,"Sitelinks, Reviews, People also ask, Related searches, Discussions and forums",informational,Organic
self storage roi,5,5,50,16,1.74,https://stora.co/academy/are-self-storage-units-profitable,1,0.05,1.00,0.09,10600000,"[100,71,71,71,71,71,71,71,42,71,71,28]",2024-12-19,"Image pack, Sitelinks, Reviews, Video, Image, People also ask, Related searches, AI overview",informational,Organic
how much do self storage owners make,4,4,50,14,0.00,https://stora.co/blog/how-much-does-a-self-storage-business-make,1,0.05,0.00,0.01,135000000,"[18,18,81,27,81,81,36,27,100,18,18,18]",2024-12-19,"Sitelinks, Reviews, People also ask, Related searches, Discussions and forums, AI overview",informational,Organic
opening a storage facility,5,5,140,15,4.01,https://stora.co/blog/how-to-start-a-self-storage-business,1,0.05,4.00,0.89,79200000,"[2,1,2,1,2,0,2,2,4,2,2,1]",2024-12-27,"Image pack, Sitelinks, Reviews, People also ask, Related searches, Discussions and forums",informational,Organic
how to open a storage unit,7,7,320,11,2.02,https://stora.co/blog/how-to-start-a-self-storage-business,1,0.05,2.00,0.13,516000000,"[54,54,54,66,66,81,81,81,100,81,66,43]",2025-01-07,"Sitelinks, Reviews, Video, People also ask, Related searches, Discussions and forums, AI overview",informational,Organic
storage units cost to build,10,10,260,12,1.47,https://stora.co/blog/how-much-does-it-cost-to-build-100-storage-units,1,0.05,1.00,0.69,157000000,"[43,81,100,54,81,35,35,66,22,29,29,29]",2024-12-26,"Sitelinks, Reviews, Video Carousel, People also ask, Related searches, AI overview",informational,Organic
how profitable are self storage units,5,5,70,21,1.02,https://stora.co/academy/are-self-storage-units-profitable,1,0.05,1.00,0.04,5970000,"[77,55,100,100,100,55,100,100,100,77,77,77]",2024-12-14,"Image pack, Sitelinks, Reviews, People also ask, Related searches, AI overview",informational,Organic
stora app,4,4,30,14,2.13,https://app.stora.co/account/sign_in,1,0.05,2.00,0.31,37,"[0,0,0,0,0,100,0,0,0,5,0,0]",2024-12-30,"Sitelinks, Reviews, People also ask, Related searches",transactional,Organic
storage unit buildings cost,9,9,140,12,1.47,https://stora.co/blog/how-much-does-it-cost-to-build-100-storage-units,1,0.05,1.00,0.69,94300000,"[23,44,5,29,44,10,12,2,10,7,5,5]",2024-12-16,"Sitelinks, Reviews, People also ask, Related searches",informational,Organic
cost to build a storage unit,11,11,390,18,1.47,https://stora.co/blog/how-much-does-it-cost-to-build-100-storage-units,1,0.05,1.00,0.69,257000000,"[16,20,16,30,30,24,100,24,24,36,20,20]",2024-12-16,"Image pack, Sitelinks, Reviews, People also ask, Related searches, Discussions and forums",informational,Organic
how to open a storage facility,6,6,260,17,2.02,https://stora.co/blog/how-to-start-a-self-storage-business,1,0.05,2.00,0.13,284000000,"[35,35,35,66,66,100,54,54,81,43,35,29]",2025-01-03,"Sitelinks, Reviews, People also ask, Related searches, Discussions and forums, AI overview",informational,Organic
storage facility business,8,8,320,29,2.46,https://stora.co/blog/how-to-start-a-self-storage-business,1,0.05,2.00,0.25,248000000,"[19,81,81,36,100,23,19,54,54,36,54,19]",2024-12-22,"Sitelinks, Reviews, Video Carousel, People also ask, Related searches",informational,Organic
storage building cost,16,16,720,11,1.53,https://stora.co/blog/how-much-does-it-cost-to-build-100-storage-units,1,0.05,1.00,0.57,702000000,"[76,100,67,45,76,55,67,30,55,30,100,55]",2025-01-06,"Image pack, Sitelinks, Reviews, People also ask, Related searches, AI overview",informational,Organic
starting a self storage unit business,5,5,210,13,1.61,https://stora.co/blog/how-to-start-a-self-storage-business,1,0.05,1.00,0.4,251000000,"[42,100,65,80,80,100,100,80,80,65,65,42]",2025-01-03,"Sitelinks, Reviews, People also ask, Related searches, Discussions and forums, AI overview",informational,Organic
are storage units profitable,6,6,170,23,1.15,https://stora.co/academy/are-self-storage-units-profitable,1,0.05,1.00,0.02,18100000,"[43,43,43,43,43,35,43,35,43,43,53,53]",2024-12-15,"Sitelinks, Reviews, Video, People also ask, Related searches, Discussions and forums",informational,Organic
mini storage marketing,6,6,70,17,6.59,https://stora.co/blog/self-storage-marketing-tips,1,0.05,6.00,0.27,149000000,"[77,55,100,77,100,100,77,77,77,100,77,100]",2024-12-29,"Image pack, Sitelinks, Reviews, People also ask, Related searches, AI overview",informational,Organic
software for mini storage,13,13,480,45,9.64,https://stora.co/,1,0.05,9.00,0.45,211000000,"[6,3,45,13,16,36,55,100,30,16,36,10]",2024-12-31,"Sitelinks, Reviews, People also ask, Related searches",commercial,Organic
owning a storage unit business,10,10,260,25,1.76,https://stora.co/blog/how-to-start-a-self-storage-business,1,0.05,1.00,0.33,273000000,"[81,81,81,65,43,81,81,81,65,81,65,65]",2024-12-23,"Sitelinks, Reviews, People also ask, Related searches, Discussions and forums",informational,Organic
building storage units cost,9,9,260,10,1.47,https://stora.co/blog/how-much-does-it-cost-to-build-100-storage-units,1,0.05,1.00,0.69,219000000,"[35,66,81,54,54,35,35,44,18,35,28,23]",2024-12-30,"Sitelinks, Reviews, People also ask, Related searches, AI overview",informational,Organic
storage unit cost to build,9,9,210,10,1.47,https://stora.co/blog/how-much-does-it-cost-to-build-100-storage-units,1,0.05,1.00,0.69,255000000,"[9,54,54,100,15,15,12,23,23,12,12,12]",2024-12-15,"Sitelinks, Reviews, Video, People also ask, Related searches",informational,Organic
automated storage units,5,5,90,8,2.55,https://stora.co/academy/the-pros-cons-of-a-fully-automated-self-storage-facility,1,0.05,2.00,0.36,151000000,"[33,33,42,42,42,42,0,33,100,80,9,0]",2024-12-28,"Local pack, Image pack, Reviews, People also ask, Related searches, AI overview",informational,Organic
how much does it cost to build 50 storage units,2,2,40,13,1.24,https://stora.co/blog/how-much-does-it-cost-to-build-100-storage-units,1,0.05,1.00,0.38,104000000,"[22,22,22,55,100,44,55,22,44,22,22,22]",2024-12-30,"Sitelinks, Reviews, People also ask, Related searches, AI overview",informational,Organic
storage unit business,12,12,880,25,2.46,https://stora.co/blog/how-to-start-a-self-storage-business,1,0.05,2.00,0.25,470000000,"[88,100,88,72,100,88,88,88,88,88,88,88]",2024-12-30,"Sitelinks, Reviews, Video, Video Carousel, People also ask, Related searches, Discussions and forums","commercial, informational",Organic
roi storage units,6,6,50,15,1.74,https://stora.co/academy/are-self-storage-units-profitable,1,0.05,1.00,0.09,14300000,"[71,71,100,71,100,71,100,71,57,71,71,28]",2024-12-31,"Image pack, Sitelinks, Reviews, Video, People also ask, Related searches, Discussions and forums",informational,Organic
how to start a mini storage business,5,5,140,12,1.38,https://stora.co/blog/how-to-start-a-self-storage-business,1,0.05,1.00,0.26,264000000,"[4,4,6,6,6,4,8,14,100,100,81,22]",2024-12-20,"Sitelinks, Reviews, Video, People also ask, Related searches, Discussions and forums",informational,Organic
mini storage software,14,14,480,50,9.64,https://stora.co/,1,0.05,9.00,0.45,217000000,"[30,30,45,36,45,36,67,13,100,30,36,13]",2024-12-28,"Sitelinks, Reviews, People also ask, Related searches, Discussions and forums",commercial,Organic
self storage company software,8,8,110,50,19.01,https://stora.co/,1,0.05,19.00,0.28,200000000,"[2,2,2,2,2,2,2,2,100,54,2,2]",2024-12-23,"Sitelinks, Reviews, Video, People also ask, Related searches, Discussions and forums",commercial,Organic
self storage automation,4,4,50,5,7.74,https://stora.co/academy/the-pros-cons-of-a-fully-automated-self-storage-facility,1,0.05,7.00,0.11,101000000,"[64,41,23,29,23,23,23,17,23,17,17,64]",2024-12-18,"Image pack, Reviews, Image, People also ask, Related searches",informational,Organic
self storage profits,5,5,70,22,1.30,https://stora.co/academy/are-self-storage-units-profitable,1,0.05,1.00,0.09,24800000,"[23,33,33,33,33,33,33,33,23,19,23,23]",2025-01-03,"Image pack, Sitelinks, Reviews, People also ask, Related searches",informational,Organic
north bartlett self storage,2,2,70,18,1.42,https://northbartlettselfstorage.stora.co/,1,0.05,1.00,0.1,842000,"[0,9,9,100,18,81,81,81,100,100,100,63]",2024-12-20,"Knowledge panel, Image pack, Sitelinks, Reviews, Video, Image, People also ask, Related searches","informational, navigational",Organic
roi on storage units,4,4,70,22,1.74,https://stora.co/academy/are-self-storage-units-profitable,1,0.05,1.00,0.09,16000000,"[77,55,77,77,77,77,77,55,77,55,55,33]",2024-12-14,"Image pack, Sitelinks, Reviews, People also ask, Related searches, AI overview",informational,Organic
self storage software cost,6,6,90,21,7.08,https://stora.co/pricing,1,0.05,7.00,0.16,200000000,"[6,9,6,6,6,6,28,34,6,100,65,15]",2025-01-03,"Sitelinks, Reviews, Video, Featured snippet, People also ask, Related searches, Discussions and forums",informational,Organic
stora login,2,2,40,11,1.36,https://referrals.stora.co/login,1,0.05,1.00,0.08,87,"[22,22,22,22,22,22,100,22,77,55,77,55]",2025-01-08,"Image pack, Sitelinks, Reviews, Related searches","navigational, transactional",Organic
self storage security systems,17,17,40,14,9.39,https://stora.co/academy/an-operators-guide-to-self-storage-security-solutions,0,0,0.00,0.44,239000000,"[19,14,19,9,9,14,9,14,52,52,23,14]",2024-12-30,"Image pack, Sitelinks, Reviews, Video, People also ask, Related searches, Discussions and forums",commercial,Organic
storeganise,14,14,40,36,6.04,https://stora.co/storeganise-vs-stora,0,0,0.00,0.13,42,"[9,9,9,9,9,9,9,9,9,52,52,52]",2024-12-22,"Knowledge panel, Image pack, Sitelinks, Reviews, Image, Ads bottom, People also ask, Related searches",navigational,Organic
software for storage unit business,10,10,30,47,12.15,https://stora.co/,0,0,0.00,0.68,227000000,"[14,21,14,28,21,21,21,14,21,28,21,14]",2024-12-26,"Sitelinks, Reviews, People also ask, Related searches, Discussions and forums",commercial,Organic
how to start self storage business,5,5,40,12,1.38,https://stora.co/blog/how-to-start-a-self-storage-business,0,0,0.00,0.26,498000000,"[14,19,23,23,19,14,19,23,19,14,19,14]",2024-12-20,"Sitelinks, Reviews, People also ask, Related searches, Discussions and forums, AI overview",informational,Organic
do storage units make money,5,5,30,13,0.00,https://stora.co/academy/are-self-storage-units-profitable,0,0,0.00,0.01,95000000,"[7,5,5,5,7,7,5,5,7,10,10,7]",2024-12-25,"Sitelinks, Reviews, People also ask, Related searches, Discussions and forums, AI overview",informational,Organic
academy storage,20,20,70,23,3.96,https://stora.co/academy,0,0,0.00,0.88,306000000,"[50,35,64,28,50,50,50,14,64,50,50,50]",2024-12-27,"Local pack, Image pack, Sitelinks, Video, Image, Related searches",commercial,Organic
start a storage business,4,4,30,12,1.76,https://stora.co/blog/how-to-start-a-self-storage-business,0,0,0.00,0.33,1070000000,"[45,45,36,18,9,27,18,27,36,18,18,9]",2024-12-16,"Sitelinks, Reviews, Video, People also ask, Related searches, Discussions and forums",informational,Organic
storage unit roi,17,17,390,18,0.00,https://stora.co/blog/how-much-does-a-self-storage-business-make,0,0,0.00,0.08,20500000,"[24,11,44,16,44,20,8,4,0,0,0,0]",2024-12-18,"Image pack, Sitelinks, Reviews, Image, People also ask, Related searches",informational,Organic
cost to build storage units 2023,4,4,30,6,0.60,https://stora.co/blog/how-much-does-it-cost-to-build-100-storage-units,0,0,0.00,0.41,66300000,"[100,45,18,18,18,18,18,18,18,18,18,18]",2024-12-27,"Sitelinks, Reviews, People also ask, Related searches",informational,Organic
marketing for storage facilities,6,6,40,7,6.59,https://stora.co/blog/self-storage-marketing-tips,0,0,0.00,0.27,123000000,"[17,11,17,23,23,41,11,17,29,29,11,29]",2024-12-19,"Sitelinks, Reviews, Image, Video Carousel, People also ask, Related searches, Discussions and forums",informational,Organic
self storage construction costs per square foot,15,15,50,9,1.50,https://stora.co/blog/how-much-does-it-cost-to-build-100-storage-units,0,0,0.00,0.23,27200000,"[26,19,26,19,19,19,26,19,15,15,7,7]",2024-12-12,"Image pack, Sitelinks, Reviews, Image, People also ask, Related searches, Discussions and forums, Questions and answers",informational,Organic
self storage electronic locks,18,18,30,6,3.20,https://stora.co/blog/automated-smart-entry-options-for-self-storage,0,0,0.00,0.8,15300000,"[11,11,11,11,11,11,11,11,11,11,64,11]",2024-12-31,"Image pack, Sitelinks, Reviews, Image, Video Carousel, People also ask, Related searches, Discussions and forums",informational,Organic
storage rental business,8,8,90,27,3.89,https://stora.co/blog/how-to-start-a-self-storage-business,0,0,0.00,0.17,137000000,"[64,78,64,35,64,64,64,64,50,64,100,78]",2024-12-31,"Sitelinks, Reviews, People also ask, Related searches, Discussions and forums",informational,Organic
storage space business,6,6,50,31,3.36,https://stora.co/blog/how-to-start-a-self-storage-business,0,0,0.00,0.27,672000000,"[81,45,63,45,45,45,45,36,36,45,45,18]",2024-12-27,"Image pack, Sitelinks, Reviews, Video Carousel, People also ask, Related searches",informational,Organic
how to own storage units,5,5,70,21,1.14,https://stora.co/blog/how-to-start-a-self-storage-business,0,0,0.00,0.27,238000000,"[26,19,34,26,19,26,26,26,26,34,26,19]",2024-12-18,"Sitelinks, Reviews, People also ask, Related searches, Discussions and forums, AI overview",informational,Organic
self storage crm,19,19,30,24,8.27,https://stora.co/,0,0,0.00,0.5,11700000,"[14,14,14,14,14,14,64,64,14,14,14,14]",2024-12-16,"Image pack, Sitelinks, Reviews, People also ask, Related searches, AI overview",commercial,Organic
self storage startup,5,5,30,14,3.28,https://stora.co/blog/how-to-start-a-self-storage-business,0,0,0.00,0.39,41400000,"[19,19,15,7,7,11,7,11,7,15,7,7]",2024-12-16,"Image pack, Sitelinks, Reviews, Video, Related searches, Discussions and forums, AI overview",informational,Organic
how much do storage units make,12,12,110,15,0.00,https://stora.co/blog/how-much-does-a-self-storage-business-make,0,0,0.00,0.01,549000000,"[18,18,23,18,18,23,18,28,18,18,18,15]",2024-12-12,"Sitelinks, Reviews, People also ask, Related searches, AI overview",informational,Organic
how much do storage units make,17,17,110,15,0.00,https://stora.co/academy/are-self-storage-units-profitable,0,0,0.00,0.01,549000000,"[18,18,23,18,18,23,18,28,18,18,18,15]",2024-12-12,"Sitelinks, Reviews, People also ask, Related searches, AI overview",informational,Organic
how much to start a storage business,9,9,90,14,1.45,https://stora.co/blog/how-much-does-it-cost-to-build-100-storage-units,0,0,0.00,0.18,1250000000,"[41,41,64,29,41,52,41,52,82,64,64,41]",2024-12-20,"Sitelinks, Reviews, People also ask, Related searches, Discussions and forums",informational,Organic
how much to start a storage business,12,12,90,14,1.45,https://stora.co/blog/how-much-does-a-self-storage-business-make,0,0,0.00,0.18,1250000000,"[41,41,64,29,41,52,41,52,82,64,64,41]",2024-12-20,"Sitelinks, Reviews, People also ask, Related searches, Discussions and forums",informational,Organic
storage unit income,15,15,110,16,2.13,https://stora.co/academy/are-self-storage-units-profitable,0,0,0.00,0.13,82700000,"[42,42,66,66,52,42,52,66,66,66,52,42]",2024-12-31,"Sitelinks, Reviews, People also ask, Related searches",informational,Organic
how to open a storage unit business,5,5,50,11,1.12,https://stora.co/blog/how-to-start-a-self-storage-business,0,0,0.00,0.23,317000000,"[11,15,15,11,11,11,15,34,26,42,42,26]",2025-01-02,"Sitelinks, Reviews, People also ask, Related searches, Discussions and forums",informational,Organic
storage facility business model,10,10,40,15,1.35,https://stora.co/academy/are-self-storage-units-profitable,0,0,0.00,0.16,238000000,"[18,18,18,18,18,18,18,18,18,100,100,100]",2025-01-05,"Sitelinks, Reviews, People also ask, Related searches, AI overview",informational,Organic
storage facility business model,17,17,40,15,1.35,https://stora.co/blog/how-to-start-a-self-storage-business,0,0,0.00,0.16,238000000,"[18,18,18,18,18,18,18,18,18,100,100,100]",2025-01-05,"Sitelinks, Reviews, People also ask, Related searches, AI overview",informational,Organic
how profitable are storage units,7,7,110,22,1.02,https://stora.co/academy/are-self-storage-units-profitable,0,0,0.00,0.04,15000000,"[64,64,100,78,64,50,78,78,78,78,100,78]",2024-12-12,"Sitelinks, Reviews, Video, People also ask, Related searches, Discussions and forums",informational,Organic
how much do storage facilities make,14,14,90,15,0.00,https://stora.co/academy/are-self-storage-units-profitable,0,0,0.00,0.01,289000000,"[50,35,78,50,64,64,64,64,64,64,64,35]",2025-01-01,"Sitelinks, Reviews, Video, People also ask, Related searches",informational,Organic
how much do storage facilities make,18,18,90,15,0.00,https://stora.co/blog/how-much-does-a-self-storage-business-make,0,0,0.00,0.01,289000000,"[50,35,78,50,64,64,64,64,64,64,64,35]",2025-01-01,"Sitelinks, Reviews, Video, People also ask, Related searches",informational,Organic
building a storage unit business,8,8,30,21,1.68,https://stora.co/blog/how-to-start-a-self-storage-business,0,0,0.00,0.47,404000000,"[17,17,17,23,17,23,17,23,29,23,11,23]",2024-12-14,"Image pack, Sitelinks, Reviews, People also ask, Related searches, Discussions and forums",informational,Organic
storage units software,12,12,50,43,9.64,https://stora.co/,0,0,0.00,0.45,185000000,"[64,7,28,14,14,28,35,64,100,64,14,50]",2024-12-30,"Sitelinks, Reviews, People also ask, Related searches",informational,Organic
marketing storage units,8,8,90,23,6.59,https://stora.co/blog/self-storage-marketing-tips,0,0,0.00,0.27,252000000,"[26,19,34,26,34,34,34,34,26,34,26,34]",2024-12-17,"Local pack, Image pack, Sitelinks, Reviews, Video Carousel, People also ask, Related searches, Discussions and forums",informational,Organic
self-storage construction costs,6,6,40,7,1.53,https://stora.co/blog/how-much-does-it-cost-to-build-100-storage-units,0,0,0.00,0.57,94200000,"[100,19,4,9,23,4,9,9,4,0,4,14]",2025-01-03,"Image pack, Sitelinks, Reviews, People also ask, Related searches, Discussions and forums, AI overview",informational,Organic
owning self storage,8,8,90,27,1.42,https://stora.co/blog/how-to-start-a-self-storage-business,0,0,0.00,0.27,18000000,"[63,63,63,81,100,100,81,81,100,81,81,81]",2024-12-17,"Sitelinks, Reviews, People also ask, Related searches, Discussions and forums",informational,Organic
self storage roi,14,14,50,16,1.74,https://stora.co/blog/how-much-does-a-self-storage-business-make,0,0,0.00,0.09,10600000,"[100,71,71,71,71,71,71,71,42,71,71,28]",2024-12-19,"Image pack, Sitelinks, Reviews, Video, Image, People also ask, Related searches, AI overview",informational,Organic
what does it cost to build storage units,10,10,30,13,1.45,https://stora.co/blog/how-much-does-it-cost-to-build-100-storage-units,0,0,0.00,0.33,156000000,"[11,11,11,23,17,17,17,11,11,17,11,11]",2024-12-16,"Sitelinks, Reviews, People also ask, Related searches, Discussions and forums",informational,Organic
management software for self storage,11,11,170,44,10.65,https://stora.co/,0,0,0.00,0.49,272000000,"[6,9,29,9,23,23,36,23,36,29,23,15]",2024-12-13,"Sitelinks, Reviews, Video, People also ask, Related searches, Discussions and forums",commercial,Organic
how profitable are storage facilities,5,5,70,17,1.19,https://stora.co/academy/are-self-storage-units-profitable,0,0,0.00,0.04,17800000,"[45,81,63,63,45,81,81,81,63,100,63,45]",2025-01-03,"Image pack, Sitelinks, Reviews, People also ask, Related searches, Discussions and forums",informational,Organic
storage success,18,18,110,2,3.61,https://stora.co/academy/are-self-storage-units-profitable,0,0,0.00,0.14,543000000,"[64,29,64,82,100,52,64,82,64,82,52,64]",2024-12-25,"Image pack, Sitelinks, Reviews, Related searches",informational,Organic
average cost to build a self storage facility,7,7,30,18,1.90,https://stora.co/blog/how-much-does-it-cost-to-build-100-storage-units,0,0,0.00,0.33,30500000,"[27,18,27,36,45,27,36,18,36,27,18,18]",2024-12-27,"Sitelinks, Reviews, Featured snippet, People also ask, Related searches",informational,Organic
how much to buy a storage facility,7,7,90,14,0.79,https://stora.co/blog/how-much-does-it-cost-to-build-100-storage-units,0,0,0.00,0.33,187000000,"[50,50,64,64,78,64,78,64,78,64,50,35]",2024-12-27,"Sitelinks, People also ask, Related searches, Discussions and forums",informational,Organic
ez storage software,20,20,40,39,7.17,https://stora.co/,0,0,0.00,0.61,18800000,"[9,9,9,9,9,9,9,52,100,9,14,9]",2025-01-05,"Sitelinks, Reviews, People also ask, Related searches",navigational,Organic
storage unit start up cost,11,11,40,14,1.73,https://stora.co/blog/how-much-does-it-cost-to-build-100-storage-units,0,0,0.00,0.44,405000000,"[27,45,36,27,27,36,45,45,27,36,27,36]",2025-01-01,"Image pack, Sitelinks, Reviews, Video Carousel, People also ask, Related searches",informational,Organic
storage unit start up cost,15,15,40,14,1.73,https://stora.co/blog/how-to-start-a-self-storage-business,0,0,0.00,0.44,405000000,"[27,45,36,27,27,36,45,45,27,36,27,36]",2025-01-01,"Image pack, Sitelinks, Reviews, Video Carousel, People also ask, Related searches",informational,Organic
how much is it to start a storage unit business,9,9,30,19,1.69,https://stora.co/blog/how-much-does-it-cost-to-build-100-storage-units,0,0,0.00,0.27,575000000,"[57,28,42,42,57,42,57,57,42,71,42,42]",2024-12-19,"Sitelinks, Reviews, Featured snippet, People also ask, Related searches, Discussions and forums",informational,Organic
how much is it to start a storage unit business,14,14,30,19,1.69,https://stora.co/blog/how-to-start-a-self-storage-business,0,0,0.00,0.27,575000000,"[57,28,42,42,57,42,57,57,42,71,42,42]",2024-12-19,"Sitelinks, Reviews, Featured snippet, People also ask, Related searches, Discussions and forums",informational,Organic
storage unit commercial,19,19,320,16,4.11,https://stora.co/academy/is-self-storage-commercial-or-industrial,0,0,0.00,0.43,274000000,"[4,10,15,23,54,44,44,36,67,36,23,23]",2024-12-29,"Local pack, Image pack, Sitelinks, Reviews, Video Carousel, People also ask, Related searches, AI overview",informational,Organic
self storage marketing,14,14,110,21,7.89,https://stora.co/blog/self-storage-marketing-tips,0,0,0.00,0.18,262000000,"[52,52,66,52,80,52,52,42,52,66,66,66]",2025-01-05,"Sitelinks, Reviews, Video Carousel, People also ask, Related searches, Discussions and forums",informational,Organic
is owning storage units profitable,9,10,30,21,1.42,https://stora.co/academy/are-self-storage-units-profitable,0,0,0.00,0.07,626000,"[9,12,12,12,9,6,9,12,9,12,6,9]",2025-01-07,"Sitelinks, Reviews, Video, People also ask, Related searches, AI overview",informational,Organic
self storage building cost,10,10,110,8,1.47,https://stora.co/blog/how-much-does-it-cost-to-build-100-storage-units,0,0,0.00,0.69,247000000,"[29,64,52,64,82,82,82,64,64,82,41,52]",2025-01-01,"Sitelinks, Reviews, People also ask, Related searches, AI overview",informational,Organic
bartlett storage units,18,18,110,14,9.29,https://northbartlettselfstorage.stora.co/,0,0,0.00,0.62,94,"[34,42,34,26,42,34,53,42,53,42,26,34]",2025-01-02,"Local pack, Image pack, Sitelinks, Reviews, Video, Image, People also ask, Related searches",commercial,Organic
pay to vacate storage unit,13,13,30,10,7.65,https://stora.co/blog/storage-unit-eviction-process,0,0,0.00,0.13,823000,"[100,18,18,18,18,18,18,18,18,18,18,18]",2024-12-30,"Image pack, Sitelinks, Reviews, People also ask, Related searches",informational,Organic
storage building cost estimator,17,0,110,13,2.05,https://stora.co/blog/how-much-does-it-cost-to-build-100-storage-units,0,0,0.00,0.65,3480000,"[14,22,29,29,22,18,22,22,22,35,43,14]",2025-01-07,"Reviews, People also ask, Related searches, AI overview",informational,Organic
how much does it cost to start a storage business,8,8,110,14,1.52,https://stora.co/blog/how-much-does-it-cost-to-build-100-storage-units,0,0,0.00,0.29,986000000,"[19,34,19,42,100,26,42,42,42,34,34,42]",2024-12-14,"Sitelinks, Reviews, People also ask, Related searches, Discussions and forums",informational,Organic
how much does it cost to start a storage business,18,18,110,14,1.52,https://stora.co/blog/how-much-does-a-self-storage-business-make,0,0,0.00,0.29,986000000,"[19,34,19,42,100,26,42,42,42,34,34,42]",2024-12-14,"Sitelinks, Reviews, People also ask, Related searches, Discussions and forums",informational,Organic
how much to open a storage unit facility,11,11,30,15,0.00,https://stora.co/blog/how-much-does-it-cost-to-build-100-storage-units,0,0,0.00,0.04,115000000,"[50,50,50,100,75,50,50,50,50,100,50,50]",2024-12-11,"Sitelinks, Reviews, Video, People also ask, Related searches, Discussions and forums",informational,Organic
self storage software free,9,11,30,23,10.74,https://stora.co/,0,0,0.00,0.64,253000000,"[28,28,28,28,28,28,28,71,100,28,42,28]",2025-01-07,"Sitelinks, Reviews, People also ask, Related searches",commercial,Organic
how much does it cost to build a self-storage facility,9,9,70,10,1.65,https://stora.co/blog/how-much-does-it-cost-to-build-100-storage-units,0,0,0.00,0.33,48400000,"[33,33,42,52,42,33,33,33,33,33,23,23]",2024-12-15,"Sitelinks, Reviews, Video, People also ask, Related searches",informational,Organic
how profitable are self storage units,18,18,70,21,1.02,https://stora.co/blog/how-much-does-a-self-storage-business-make,0,0,0.00,0.04,5970000,"[77,55,100,100,100,55,100,100,100,77,77,77]",2024-12-14,"Image pack, Sitelinks, Reviews, People also ask, Related searches, AI overview",informational,Organic
how much to start a self storage business,9,9,70,16,1.45,https://stora.co/blog/how-to-start-a-self-storage-business,0,0,0.00,0.18,507000000,"[33,23,42,23,33,33,33,33,42,42,33,23]",2024-12-31,"Sitelinks, Reviews, People also ask, Related searches, Discussions and forums, AI overview",informational,Organic
how much to start a self storage business,12,12,70,16,1.45,https://stora.co/blog/how-much-does-it-cost-to-build-100-storage-units,0,0,0.00,0.18,507000000,"[33,23,42,23,33,33,33,33,42,42,33,23]",2024-12-31,"Sitelinks, Reviews, People also ask, Related searches, Discussions and forums, AI overview",informational,Organic
industrial self storage,15,15,140,18,3.41,https://stora.co/academy/is-self-storage-commercial-or-industrial,0,0,0.00,0.53,172000000,"[34,42,65,53,65,65,53,53,65,53,53,53]",2025-01-04,"Local pack, Image pack, Sitelinks, Reviews, Video, Image, People also ask, Related searches",commercial,Organic
stora name,8,8,30,10,2.35,https://stora.co/self-storage-logo-design/yourname-storage,0,0,0.00,0.05,2140000000,"[18,18,81,18,18,18,18,18,18,18,18,18]",2024-12-16,"Image pack, Reviews, Featured snippet, People also ask",informational,Organic
storage facility profit margin,15,15,30,25,2.21,https://stora.co/academy/are-self-storage-units-profitable,0,0,0.00,0.03,5130000,"[100,42,14,100,71,28,14,71,14,71,0,28]",2024-12-23,"Sitelinks, Reviews, Video, Featured snippet, People also ask, Related searches",informational,Organic
storage marketing ideas,7,7,40,10,6.80,https://stora.co/blog/self-storage-marketing-tips,0,0,0.00,0.18,192000000,"[18,18,18,18,18,18,18,18,18,18,100,100]",2024-12-31,"Image pack, Sitelinks, Reviews, Video Carousel, People also ask, Related searches",commercial,Organic
storage marketing ideas,19,19,40,10,6.80,https://stora.co/academy/self-storage-marketing-ideas-for-launch,0,0,0.00,0.18,192000000,"[18,18,18,18,18,18,18,18,18,18,100,100]",2024-12-31,"Image pack, Sitelinks, Reviews, Video Carousel, People also ask, Related searches",commercial,Organic
storage facility marketing,8,8,30,9,6.59,https://stora.co/blog/self-storage-marketing-tips,0,0,0.00,0.27,93100000,"[40,40,80,80,40,100,80,80,40,40,100,40]",2025-01-02,"Image pack, Sitelinks, Reviews, Video Carousel, People also ask, Related searches, Discussions and forums",informational,Organic
storage facility management software,11,11,70,46,16.19,https://stora.co/,0,0,0.00,0.28,74000000,"[23,41,29,23,41,23,17,17,100,52,29,29]",2024-12-31,"Image pack, Sitelinks, Reviews, Video Carousel, People also ask, Related searches, Discussions and forums",commercial,Organic
storage unit real estate,19,19,50,24,1.75,https://stora.co/academy/is-self-storage-commercial-or-industrial,0,0,0.00,0.06,75400000,"[11,11,11,11,52,52,11,11,11,11,100,82]",2024-12-29,"Sitelinks, Reviews, Video Carousel, People also ask, Related searches",informational,Organic
marketing ideas for storage facilities,7,7,40,9,6.80,https://stora.co/blog/self-storage-marketing-tips,0,0,0.00,0.18,47200000,"[18,18,18,18,18,18,18,18,18,18,100,100]",2024-12-31,"Image pack, Sitelinks, Reviews, People also ask, Related searches, Discussions and forums, AI overview",informational,Organic
noke janus,13,13,30,23,1.25,https://stora.co/integrations/noke-by-janus-international,0,0,0.00,1,54,"[0,0,0,7,0,0,0,7,7,7,7,100]",2024-12-17,"Image pack, Reviews, Video, People also ask, Related searches",informational,Organic
owning self storage units,20,20,110,31,1.42,https://stora.co/blog/how-to-start-a-self-storage-business,0,0,0.00,0.27,9040000,"[52,52,100,41,100,52,64,82,82,82,52,52]",2024-12-11,"Sitelinks, Reviews, People also ask, Related searches, Discussions and forums",informational,Organic
how to build a storage unit business,8,8,30,14,1.45,https://stora.co/blog/how-to-start-a-self-storage-business,0,0,0.00,0.39,209000000,"[40,40,80,100,80,80,60,60,60,60,60,40]",2024-12-20,"Image pack, Sitelinks, Reviews, People also ask, Related searches, Discussions and forums",informational,Organic
are self storage units a good investment,10,15,170,21,0.61,https://stora.co/academy/are-self-storage-units-profitable,0,0,0.00,0.08,39600000,"[34,100,65,100,80,80,100,100,80,42,42,42]",2025-01-07,"Sitelinks, Reviews, People also ask, Related searches, Discussions and forums, AI overview",informational,Organic
cost of building a self storage facility,7,7,30,7,2.05,https://stora.co/blog/how-much-does-it-cost-to-build-100-storage-units,0,0,0.00,0.69,94900000,"[14,42,42,57,28,57,42,42,28,14,71,100]",2024-12-27,"Sitelinks, Reviews, Video, Ads bottom, People also ask, Related searches",informational,Organic
investing in mini storage,16,16,50,26,2.18,https://stora.co/academy/an-intro-to-self-storage-investing,0,0,0.00,0.42,16500000,"[0,0,17,29,5,41,100,41,41,11,23,23]",2024-12-20,"Knowledge panel, Sitelinks, Reviews, People also ask, Related searches",informational,Organic
a model self storage,14,14,110,26,4.16,https://stora.co/blog/free-self-storage-financial-model,0,0,0.00,0.16,420000000,"[64,52,64,52,52,82,64,64,82,82,64,41]",2025-01-04,"Knowledge panel, Image pack, Sitelinks, People also ask, Related searches","informational, navigational",Organic
how much is it to build a storage unit,10,10,30,13,1.91,https://stora.co/blog/how-much-does-it-cost-to-build-100-storage-units,0,0,0.00,0.32,388000000,"[40,60,80,60,40,60,80,40,60,60,60,60]",2024-12-18,"Sitelinks, Reviews, People also ask, Related searches, Discussions and forums",informational,Organic
cost to build storage facility,8,8,110,7,1.47,https://stora.co/blog/how-much-does-it-cost-to-build-100-storage-units,0,0,0.00,0.69,124000000,"[23,23,42,66,66,66,42,100,80,42,80,52]",2024-12-18,"Sitelinks, Reviews, People also ask, Related searches, Discussions and forums",informational,Organic
how much does it cost to build a storage unit,10,10,140,14,1.24,https://stora.co/blog/how-much-does-it-cost-to-build-100-storage-units,0,0,0.00,0.33,277000000,"[23,19,23,23,19,23,23,23,19,23,19,19]",2024-12-25,"Sitelinks, Reviews, People also ask, Related searches, AI overview",informational,Organic
average cost to build a storage facility,9,9,70,18,1.19,https://stora.co/blog/how-much-does-it-cost-to-build-100-storage-units,0,0,0.00,0.4,76300000,"[100,71,100,71,71,100,100,100,71,100,100,71]",2024-12-24,"Sitelinks, Reviews, Featured snippet, People also ask, Related searches, Discussions and forums, AI overview",informational,Organic
start a storage unit business,5,5,40,12,1.76,https://stora.co/blog/how-to-start-a-self-storage-business,0,0,0.00,0.33,427000000,"[28,14,57,100,71,71,71,100,71,57,57,57]",2025-01-02,"Sitelinks, Reviews, People also ask, Related searches, Discussions and forums",informational,Organic
storage unit construction cost,8,8,40,11,1.47,https://stora.co/blog/how-much-does-it-cost-to-build-100-storage-units,0,0,0.00,0.69,158000000,"[17,17,29,11,17,23,23,23,23,52,23,23]",2024-12-28,"Image pack, Sitelinks, Reviews, Video, People also ask, Related searches",informational,Organic
how much to start a storage unit business,9,9,90,20,1.45,https://stora.co/blog/how-to-start-a-self-storage-business,0,0,0.00,0.18,967000000,"[7,7,9,7,7,9,9,11,14,11,11,9]",2024-12-24,"Sitelinks, Reviews, Video, Featured snippet, People also ask, Related searches, Discussions and forums",informational,Organic
how much to start a storage unit business,12,12,90,20,1.45,https://stora.co/blog/how-much-does-it-cost-to-build-100-storage-units,0,0,0.00,0.18,967000000,"[7,7,9,7,7,9,9,11,14,11,11,9]",2024-12-24,"Sitelinks, Reviews, Video, Featured snippet, People also ask, Related searches, Discussions and forums",informational,Organic
storage automation,14,14,30,18,5.25,https://stora.co/blog/automated-self-storage,0,0,0.00,0.26,298000000,"[3,3,5,8,3,8,11,3,3,3,11,3]",2024-12-24,"Image pack, Reviews, Video, Ads top, Ads bottom, Video Carousel, People also ask, Related searches",informational,Organic
how much to build a storage facility,8,8,210,14,1.23,https://stora.co/blog/how-much-does-it-cost-to-build-100-storage-units,0,0,0.00,0.42,239000000,"[100,35,43,43,66,66,53,53,53,43,43,43]",2024-12-27,"Sitelinks, Reviews, Video Carousel, People also ask, Related searches, Discussions and forums, AI overview",informational,Organic
storage unit business profit,8,8,40,22,0.36,https://stora.co/academy/are-self-storage-units-profitable,0,0,0.00,0.04,52700000,"[11,11,11,11,19,15,26,11,7,11,7,15]",2024-12-11,"Sitelinks, Reviews, People also ask, Related searches, Discussions and forums, AI overview",informational,Organic
self-storage construction cost per square foot,14,14,30,10,1.50,https://stora.co/blog/how-much-does-it-cost-to-build-100-storage-units,0,0,0.00,0.23,9230000,"[29,11,23,17,17,17,17,5,23,23,17,11]",2024-12-29,"Image pack, Sitelinks, Reviews, Featured snippet, People also ask, Related searches",informational,Organic
storage units business,11,11,140,33,2.46,https://stora.co/blog/how-to-start-a-self-storage-business,0,0,0.00,0.25,283000000,"[12,53,17,10,28,17,23,17,23,82,66,82]",2024-12-17,"Local pack, Sitelinks, Reviews, Video Carousel, People also ask, Related searches, Discussions and forums",informational,Organic
what happens if you don't pay your storage unit,19,19,90,12,0.00,https://stora.co/blog/storage-unit-eviction-process,0,0,0.00,0.02,255000000,"[81,81,63,81,81,81,100,100,100,81,81,36]",2025-01-03,"Image pack, Sitelinks, Reviews, Featured snippet, People also ask, Related searches",informational,Organic
janus noke,15,15,30,21,2.66,https://stora.co/integrations/noke-by-janus-international,0,0,0.00,0.19,22000,"[7,7,7,7,7,7,19,19,19,15,15,11]",2025-01-05,"Reviews, Video, People also ask, Related searches",navigational,Organic
how much to build storage facility,11,11,210,17,1.23,https://stora.co/blog/how-much-does-it-cost-to-build-100-storage-units,0,0,0.00,0.42,168000000,"[82,82,12,53,66,53,66,66,66,53,43,43]",2024-12-18,"Sitelinks, Reviews, People also ask, Related searches, Discussions and forums, AI overview",informational,Organic
how much does a storage facility cost to build,9,9,70,13,1.24,https://stora.co/blog/how-much-does-it-cost-to-build-100-storage-units,0,0,0.00,0.33,85900000,"[1,1,100,0,0,0,1,0,1,1,1,0]",2025-01-02,"Sitelinks, Reviews, People also ask, Related searches, Discussions and forums, AI overview",informational,Organic
storage unit profit,11,11,70,23,1.72,https://stora.co/academy/are-self-storage-units-profitable,0,0,0.00,0.04,102000000,"[35,35,50,50,50,50,50,50,50,35,28,35]",2025-01-01,"Sitelinks, Reviews, Video, People also ask, Related searches",informational,Organic
10 day notice to vacate storage unit,19,19,40,0,0.00,https://stora.co/blog/storage-unit-eviction-process,0,0,0.00,0.09,537000,"[18,18,81,18,18,45,18,45,63,18,18,18]",2024-12-21,"Image pack, Sitelinks, People also ask, Related searches, AI overview",informational,Organic
storage unit eviction process,18,18,140,7,4.04,https://stora.co/blog/storage-unit-eviction-process,0,0,0.00,0.08,3690000,"[2,2,2,2,2,2,2,2,2,2,2,3]",2024-12-22,"Sitelinks, Reviews, Video, People also ask, Related searches, AI overview",informational,Organic
how to buy a storage business,15,15,40,18,0.91,https://stora.co/blog/how-to-start-a-self-storage-business,0,0,0.00,0.49,888000000,"[45,45,36,36,18,18,18,18,18,18,18,100]",2025-01-04,"Sitelinks, Reviews, Video, People also ask, Related searches, Discussions and forums",informational,Organic
stora com,4,4,50,29,5.27,https://stora.co/features/self-storage-management-software,0,0,0.00,0.57,58000000,"[17,11,11,17,11,5,100,82,64,82,0,0]",2024-12-19,"Image pack, Sitelinks, Reviews, Related searches","navigational, transactional",Organic
how much to build a self storage facility,6,6,40,10,1.37,https://stora.co/blog/how-much-does-it-cost-to-build-100-storage-units,0,0,0.00,0.41,55300000,"[27,27,45,27,45,27,45,36,27,36,27,27]",2025-01-01,"Sitelinks, Reviews, Video, Ads bottom, People also ask, Related searches, Discussions and forums",informational,Organic
self-storage software,10,10,30,52,9.64,https://stora.co/,0,0,0.00,0.45,351000000,"[9,6,6,6,6,6,6,6,12,9,12,12]",2024-12-16,"Sitelinks, Reviews, Video, People also ask, Related searches, Discussions and forums",commercial,Organic
average cost to build storage units,8,8,70,15,1.19,https://stora.co/blog/how-much-does-it-cost-to-build-100-storage-units,0,0,0.00,0.4,90400000,"[1,1,1,1,1,1,1,1,1,2,2,1]",2024-12-25,"Sitelinks, Reviews, People also ask, Related searches, Discussions and forums, AI overview",informational,Organic
self storage business plan template,16,16,40,9,2.27,https://stora.co/blog/free-self-storage-financial-model,0,0,0.00,0.08,23200000,"[18,18,18,18,18,18,18,18,18,18,100,100]",2024-12-31,"Sitelinks, Reviews, Video, Image, Ads bottom, Related searches",informational,Organic
how much to build a storage unit,10,10,50,11,1.23,https://stora.co/blog/how-much-does-it-cost-to-build-100-storage-units,0,0,0.00,0.42,391000000,"[44,44,44,44,44,33,33,44,55,100,100,55]",2025-01-01,"Image pack, Sitelinks, Reviews, Video, Ads bottom, People also ask, Related searches, Discussions and forums",informational,Organic
storage facility cost to build,7,7,30,14,1.76,https://stora.co/blog/how-much-does-it-cost-to-build-100-storage-units,0,0,0.00,0.24,83500000,"[50,50,50,100,50,50,50,75,75,100,50,100]",2024-12-20,"Sitelinks, Reviews, Video Carousel, People also ask, Related searches, Discussions and forums, AI overview",informational,Organic
storage marketing,4,4,30,18,5.97,https://stora.co/blog/self-storage-marketing-tips,0,0,0.00,0.28,1730000000,"[60,80,60,80,100,60,40,40,60,40,40,60]",2024-12-16,"Image pack, Sitelinks, Reviews, Video Carousel, People also ask, Related searches, Discussions and forums",informational,Organic
storage commercial,11,11,70,20,4.38,https://stora.co/academy/is-self-storage-commercial-or-industrial,0,0,0.00,0.27,786000000,"[42,100,100,19,42,23,23,4,9,19,33,9]",2024-12-18,"Local pack, Reviews, Image, People also ask, Related searches, Discussions and forums",commercial,Organic
profesional email asking for estimate,20,20,480,28,0.00,https://stora.co/blog/customers-ringing-up-asking-for-quotes-what-do-i-say,0,0,0.00,0,234000000,"[100,0,0,0]",2025-01-01,"Image pack, Reviews, People also ask, Related searches, Discussions and forums",informational,Organic
storage units profit margin,14,14,50,25,1.62,https://stora.co/academy/are-self-storage-units-profitable,0,0,0.00,0.05,9690000,"[11,11,55,77,44,33,55,77,100,55,55,77]",2025-01-06,"Sitelinks, Reviews, Featured snippet, People also ask, Related searches",informational,Organic
storage unit business model,9,9,40,11,1.37,https://stora.co/academy/are-self-storage-units-profitable,0,0,0.00,0.06,415000000,"[18,18,18,18,18,18,18,18,18,18,100,100]",2025-01-01,"Image pack, Sitelinks, Reviews, People also ask, Related searches",informational,Organic
storage unit business model,15,15,40,11,1.37,https://stora.co/blog/how-to-start-a-self-storage-business,0,0,0.00,0.06,415000000,"[18,18,18,18,18,18,18,18,18,18,100,100]",2025-01-01,"Image pack, Sitelinks, Reviews, People also ask, Related searches",informational,Organic
open a storage facility,5,5,30,16,4.01,https://stora.co/blog/how-to-start-a-self-storage-business,0,0,0.00,0.89,261000000,"[42,28,42,42,28,42,42,57,28,42,57,28]",2024-12-19,"Sitelinks, Reviews, Video, Ads top, Ads bottom, People also ask, Related searches, Discussions and forums",informational,Organic
starting storage unit business,5,5,30,16,1.76,https://stora.co/blog/how-to-start-a-self-storage-business,0,0,0.00,0.33,313000000,"[57,42,57,14,28,28,28,28,42,42,42,42]",2024-12-16,"Sitelinks, Reviews, Video, People also ask, Related searches, Discussions and forums",informational,Organic
how to open a self storage business,4,4,30,16,1.92,https://stora.co/blog/how-to-start-a-self-storage-business,0,0,0.00,0.37,371000000,"[40,60,80,40,60,40,60,60,80,80,40,60]",2024-12-26,"Sitelinks, Reviews, Video, People also ask, Related searches, Discussions and forums",informational,Organic
software for storage units,10,10,110,50,9.64,https://stora.co/,0,0,0.00,0.45,182000000,"[18,10,22,10,18,2,2,81,100,2,8,4]",2024-12-27,"Sitelinks, Reviews, People also ask, Related searches",commercial,Organic
how much does a storage unit owner make,6,6,50,14,0.00,https://stora.co/blog/how-much-does-a-self-storage-business-make,0,0,0.00,0.01,616000000,"[18,18,81,18,81,81,18,18,100,18,18,18]",2024-12-19,"Sitelinks, Reviews, People also ask, Related searches, AI overview",informational,Organic
storage building cost to build,12,12,30,11,1.42,https://stora.co/blog/how-much-does-it-cost-to-build-100-storage-units,0,0,0.00,1,425000000,"[14,28,14,50,14,50,64,14,0,14,14,14]",2024-12-28,"Image pack, Sitelinks, Reviews, Video, People also ask, Related searches, Discussions and forums",informational,Organic
storage unit advertising,15,15,90,24,7.67,https://stora.co/blog/self-storage-marketing-tips,0,0,0.00,0.2,301000000,"[33,33,66,42,42,52,52,33,33,52,42,52]",2024-12-16,"Image pack, Reviews, People also ask, Related searches, Discussions and forums",informational,Organic
cheapest way to build storage units,17,17,40,5,1.38,https://stora.co/blog/how-much-does-it-cost-to-build-100-storage-units,0,0,0.00,1,35100000,"[11,11,11,11,11,11,11,11,11,11,64,100]",2025-01-01,"Image pack, Sitelinks, Reviews, People also ask, Related searches, AI overview",informational,Organic
caravan storage facilities,10,10,30,13,0.00,https://stora.co/blog/what-makes-a-good-location-for-your-caravan-storage-site,0,0,0.00,0.14,10300000,"[11,11,11,11,11,11,52,11,11,11,17,17]",2025-01-06,"Knowledge panel, Image pack, Reviews, Image, People also ask, Related searches",commercial,Organic
costs of storage units,19,19,140,45,3.21,https://stora.co/blog/how-much-does-it-cost-to-build-100-storage-units,0,0,0.00,0.33,150000000,"[13,16,5,2,5,5,7,2,2,1,0,2]",2024-12-21,"Image pack, Sitelinks, Reviews, People also ask, Related searches",informational,Organic
software for storage business,12,12,30,40,9.05,https://stora.co/,0,0,0.00,0.12,728000000,"[40,60,40,40,40,40,40,40,40,40,100,100]",2024-12-16,"Sitelinks, Reviews, People also ask, Related searches",commercial,Organic
spiderdoor,11,11,480,36,3.02,https://stora.co/podcast/exploring-smart-entry-solutions-spiderdoor,0,0,0.00,0.04,38,"[66,44,81,66,54,66,81,81,81,81,100,100]",2024-12-22,"Knowledge panel, Image pack, Sitelinks, Reviews, Image, Related searches",navigational,Organic
is self storage a good business,4,4,30,22,0.78,https://stora.co/academy/are-self-storage-units-profitable,0,0,0.00,0.08,559000000,"[60,80,40,80,60,80,80,100,60,40,60,60]",2024-12-20,"Sitelinks, Reviews, Video Carousel, People also ask, Related searches, Discussions and forums, AI overview",informational,Organic
storage unit ownership,18,18,50,31,1.55,https://stora.co/blog/how-to-start-a-self-storage-business,0,0,0.00,0.27,89200000,"[45,45,63,45,45,63,63,81,45,27,27,18]",2024-12-19,"Image pack, Sitelinks, Reviews, People also ask, Related searches, Discussions and forums",informational,Organic
storage software,12,12,260,55,10.34,https://stora.co/,0,0,0.00,0.44,1280000000,"[54,54,66,66,54,54,54,43,43,54,43,43]",2024-12-28,"Sitelinks, Reviews, Video, Video Carousel, People also ask, Related searches, Discussions and forums","commercial, informational",Organic
how much to open a storage facility,10,10,30,13,1.30,https://stora.co/blog/how-much-does-it-cost-to-build-100-storage-units,0,0,0.00,0.21,279000000,"[28,28,28,28,42,42,57,42,28,28,28,28]",2024-12-19,"Sitelinks, Reviews, Video, People also ask, Related searches, Discussions and forums",informational,Organic
pti storlogix,13,13,40,0,8.60,https://stora.co/integrations/pti-security-systems,0,0,0.00,0.19,2650,"[57,42,71,71,57,57,57,57,71,71,57,100]",2024-12-27,"Image pack, Sitelinks, Reviews, Video, People also ask, Discussions and forums",informational,Organic
is owning a storage unit business profitable,5,5,30,20,1.32,https://stora.co/academy/are-self-storage-units-profitable,0,0,0.00,0.05,29500000,"[26,11,11,11,11,11,11,7,7,7,7,11]",2025-01-05,"Sitelinks, Reviews, Video, People also ask, Related searches, Discussions and forums",informational,Organic
cost to start a storage unit business,13,13,70,15,1.42,https://stora.co/blog/how-to-start-a-self-storage-business,0,0,0.00,0.24,260000000,"[12,12,17,12,23,23,17,12,17,17,12,12]",2024-12-30,"Sitelinks, Reviews, People also ask, Related searches, Discussions and forums, AI overview",informational,Organic
start a self storage business,5,5,40,14,1.76,https://stora.co/blog/how-to-start-a-self-storage-business,0,0,0.00,0.33,493000000,"[44,55,44,33,44,55,44,33,33,22,44,44]",2024-12-18,"Sitelinks, Reviews, Video, People also ask, Related searches, Discussions and forums",informational,Organic
self-storage business models,10,10,30,8,1.37,https://stora.co/academy/are-self-storage-units-profitable,0,0,0.00,0.06,277000000,"[18,18,18,18,18,18,18,18,18,18,100,81]",2025-01-01,"Sitelinks, Reviews, Video, People also ask, Related searches",informational,Organic
self storage business software,10,10,30,48,9.05,https://stora.co/,0,0,0.00,0.12,193000000,"[18,18,18,18,18,18,18,18,18,18,100,81]",2024-12-31,"Sitelinks, Reviews, People also ask, Related searches, Discussions and forums",informational,Organic
self storage website design,17,17,40,14,7.77,https://stora.co/features/website-design-for-self-storage,0,0,0.00,0.4,350000000,"[55,55,77,55,44,44,44,33,33,33,44,77]",2025-01-02,"Image pack, Sitelinks, Reviews, People also ask, Related searches, Discussions and forums",commercial,Organic
self storage investment returns,6,6,50,18,1.74,https://stora.co/academy/are-self-storage-units-profitable,0,0,0.00,0.09,127000000,"[63,45,63,63,63,63,45,45,36,45,45,18]",2024-12-28,"Sitelinks, Featured snippet, People also ask, Related searches, AI overview",informational,Organic
mini storage management software,16,16,40,46,7.41,https://stora.co/,0,0,0.00,0.58,76500000,"[12,15,12,9,15,21,9,12,9,9,12,6]",2024-12-16,"Sitelinks, Reviews, Related searches, Discussions and forums",commercial,Organic
storage unit profit margin,14,14,40,24,2.21,https://stora.co/academy/are-self-storage-units-profitable,0,0,0.00,0.03,18300000,"[63,36,27,45,63,36,27,45,18,63,36,18]",2024-12-27,"Image pack, Sitelinks, Reviews, Video, Featured snippet, People also ask, Related searches",informational,Organic
software for self storage business,8,8,30,47,9.05,https://stora.co/,0,0,0.00,0.12,214000000,"[40,40,40,40,40,40,40,40,40,40,100,100]",2024-12-16,"Sitelinks, Reviews, People also ask, Related searches, Discussions and forums","commercial, informational",Organic
own storage units,10,10,30,24,2.15,https://stora.co/blog/how-to-start-a-self-storage-business,0,0,0.00,0.78,225000000,"[60,60,80,40,60,80,40,60,40,60,40,40]",2024-12-18,"Image pack, Sitelinks, Reviews, Image, People also ask, Related searches",informational,Organic
how much does it cost to buy a storage facility,9,9,110,14,0.94,https://stora.co/blog/how-much-does-it-cost-to-build-100-storage-units,0,0,0.00,0.26,234000000,"[3,2,7,3,4,4,4,3,4,3,2,4]",2024-12-15,"Sitelinks, Video, People also ask, Related searches, Discussions and forums, AI overview",informational,Organic
storage business software,9,9,30,52,9.05,https://stora.co/,0,0,0.00,0.12,727000000,"[40,40,40,40,40,40,40,40,40,60,100,100]",2024-12-16,"Sitelinks, Reviews, People also ask, Related searches, Discussions and forums","commercial, informational",Organic
cost of starting a self storage business,8,8,50,14,1.51,https://stora.co/blog/how-much-does-it-cost-to-build-100-storage-units,0,0,0.00,0.31,254000000,"[71,100,71,100,100,100,71,71,71,71,71,71]",2025-01-03,"Sitelinks, Reviews, Video, Ads bottom, People also ask, Related searches, Discussions and forums",informational,Organic
cost of starting a self storage business,12,12,50,14,1.51,https://stora.co/blog/how-much-does-a-self-storage-business-make,0,0,0.00,0.31,254000000,"[71,100,71,100,100,100,71,71,71,71,71,71]",2025-01-03,"Sitelinks, Reviews, Video, Ads bottom, People also ask, Related searches, Discussions and forums",informational,Organic
seo for self storage,13,13,40,12,8.69,https://stora.co/blog/complete-guide-to-self-storage-seo,0,0,0.00,0.37,24200000,"[100,71,71,57,71,71,42,42,42,42,57,71]",2024-12-27,"Sitelinks, Reviews, Video, People also ask, Related searches, Discussions and forums",informational,Organic
cost of building a storage facility,6,6,90,11,1.47,https://stora.co/blog/how-much-does-it-cost-to-build-100-storage-units,0,0,0.00,0.69,139000000,"[34,21,28,15,100,21,21,15,21,15,12,9]",2025-01-01,"Sitelinks, Reviews, Video, Ads bottom, People also ask, Related searches, Discussions and forums",informational,Organic
cost to open a storage facility,8,8,30,14,1.47,https://stora.co/blog/how-much-does-it-cost-to-build-100-storage-units,0,0,0.00,0.27,159000000,"[17,11,17,17,17,23,23,17,17,17,11,11]",2024-12-18,"Sitelinks, Reviews, Video, People also ask, Related searches, Discussions and forums",informational,Organic
storage unit cost per square foot,16,16,70,40,2.63,https://stora.co/blog/how-much-does-it-cost-to-build-100-storage-units,0,0,0.00,0.24,22600000,"[26,19,26,19,26,26,26,26,15,26,19,19]",2025-01-01,"Sitelinks, Reviews, Featured snippet, People also ask, Related searches, Questions and answers",informational,Organic
class a self storage,17,17,30,12,0.00,https://stora.co/academy/is-self-storage-commercial-or-industrial,0,0,0.00,0.1,332000000,"[100,18,18,18,18,18,18,81,18,18,18,18]",2024-12-19,"Knowledge panel, Image pack, Reviews, Video, People also ask, Related searches",informational,Organic
self storage unit business,9,9,320,27,2.46,https://stora.co/blog/how-to-start-a-self-storage-business,0,0,0.00,0.25,152000000,"[44,23,44,67,100,12,12,19,29,36,29,36]",2024-12-30,"Sitelinks, Reviews, Video Carousel, People also ask, Related searches, Discussions and forums",informational,Organic
self storage software programs,14,14,40,43,0.00,https://stora.co/,0,0,0.00,0.08,209000000,"[19,19,15,11,15,11,11,11,7,34,15,7]",2024-12-25,"Sitelinks, Reviews, People also ask, Related searches",informational,Organic
how much does a storage facility cost,16,16,170,18,2.38,https://stora.co/blog/how-much-does-it-cost-to-build-100-storage-units,0,0,0.00,0.35,199000000,"[23,17,12,53,28,66,43,53,12,23,100,66]",2024-12-27,"Sitelinks, Reviews, People also ask, Related searches, AI overview",informational,Organic
self storage business plan,16,16,170,9,1.95,https://stora.co/blog/how-to-start-a-self-storage-business,0,0,0.00,0.24,249000000,"[53,65,53,53,53,65,42,80,100,80,53,80]",2025-01-06,"Sitelinks, Reviews, People also ask, Related searches, Discussions and forums",informational,Organic
how much does it cost to build storage facility,9,9,40,13,1.25,https://stora.co/blog/how-much-does-it-cost-to-build-100-storage-units,0,0,0.00,0.33,88800000,"[0,0,0,0,100,29,23,23,23,41,41,17]",2025-01-06,"Sitelinks, Reviews, People also ask, Related searches, Discussions and forums",informational,Organic
how to own a storage facility,8,8,70,24,1.14,https://stora.co/blog/how-to-start-a-self-storage-business,0,0,0.00,0.27,154000000,"[63,45,63,63,45,63,63,63,63,100,81,63]",2024-12-30,"Sitelinks, Reviews, People also ask, Related searches, Discussions and forums",informational,Organic
starting a storage business costs,9,9,70,22,1.42,https://stora.co/blog/how-much-does-it-cost-to-build-100-storage-units,0,0,0.00,0.24,722000000,"[71,71,100,71,100,100,100,71,100,100,71,71]",2024-12-17,"Sitelinks, Reviews, Featured snippet, People also ask, Related searches, Discussions and forums",informational,Organic
starting a storage business costs,15,15,70,22,1.42,https://stora.co/blog/how-to-start-a-self-storage-business,0,0,0.00,0.24,722000000,"[71,71,100,71,100,100,100,71,100,100,71,71]",2024-12-17,"Sitelinks, Reviews, Featured snippet, People also ask, Related searches, Discussions and forums",informational,Organic
how much do storage units cost to build,12,12,70,14,1.35,https://stora.co/blog/how-much-does-it-cost-to-build-100-storage-units,0,0,0.00,0.38,443000000,"[41,52,52,41,41,52,41,52,29,41,41,29]",2025-01-06,"Sitelinks, Reviews, People also ask, Related searches, Discussions and forums, AI overview",informational,Organic
self storage logo,19,19,210,22,1.85,https://stora.co/self-storage-logo-design/storagespot,0,0,0.00,0.08,537000000,"[53,53,81,65,53,81,65,53,53,81,65,53]",2024-12-23,"Image pack, Reviews, Image, Related searches",informational,Organic
storage unit eviction notice,8,8,30,1,1.14,https://stora.co/blog/storage-unit-eviction-process,0,0,0.00,0.06,978000,"[9,9,9,9,9,9,9,9,9,9,9,52]",2024-12-17,"Image pack, Sitelinks, Reviews, People also ask, Related searches",informational,Organic
storage units to build,19,19,40,14,2.85,https://stora.co/blog/how-much-does-it-cost-to-build-100-storage-units,0,0,0.00,0.87,234000000,"[3,6,11,5,3,15,5,5,5,8,3,6]",2024-12-26,"Image pack, Sitelinks, Reviews, Video Carousel, People also ask, Related searches, Discussions and forums, AI overview",informational,Organic
real estate storage units,18,18,70,32,1.70,https://stora.co/academy/is-self-storage-commercial-or-industrial,0,0,0.00,0.04,54200000,"[9,9,9,42,42,9,9,9,9,100,80,100]",2025-01-04,"Local pack, Sitelinks, People also ask, Related searches",informational,Organic
roi storage units,18,18,50,15,1.74,https://stora.co/blog/how-much-does-a-self-storage-business-make,0,0,0.00,0.09,14300000,"[71,71,100,71,100,71,100,71,57,71,71,28]",2024-12-31,"Image pack, Sitelinks, Reviews, Video, People also ask, Related searches, Discussions and forums",informational,Organic
how much do storage units make a month,10,10,30,14,0.00,https://stora.co/academy/are-self-storage-units-profitable,0,0,0.00,0,117000000,"[28,28,57,57,42,42,28,28,28,28,28,28]",2024-12-16,"Sitelinks, Reviews, People also ask, Related searches",informational,Organic
how much do storage units make a month,19,19,30,14,0.00,https://stora.co/blog/how-much-does-a-self-storage-business-make,0,0,0.00,0,117000000,"[28,28,57,57,42,42,28,28,28,28,28,28]",2024-12-16,"Sitelinks, Reviews, People also ask, Related searches",informational,Organic
storage units building cost,10,10,50,11,1.47,https://stora.co/blog/how-much-does-it-cost-to-build-100-storage-units,0,0,0.00,0.69,174000000,"[10,10,10,18,35,6,8,6,6,6,2,6]",2024-12-17,"Sitelinks, Reviews, People also ask, Related searches",informational,Organic
what happens if you don't pay storage unit,18,18,50,5,0.00,https://stora.co/blog/storage-unit-eviction-process,0,0,0.00,0.02,301000000,"[22,55,77,55,44,33,44,44,44,55,55,77]",2024-12-14,"Sitelinks, Reviews, People also ask, Related searches",informational,Organic
self storage apps,16,16,30,28,3.08,https://stora.co/,0,0,0.00,0.23,183000000,"[45,18,18,18,36,9,36,9,9,18,36,63]",2024-12-16,"Sitelinks, Reviews, Video Carousel, People also ask, Related searches",transactional,Organic
self storage advertising,10,10,90,14,7.67,https://stora.co/blog/self-storage-marketing-tips,0,0,0.00,0.2,366000000,"[50,50,78,50,64,100,64,78,64,78,64,78]",2024-12-28,"Image pack, Sitelinks, Reviews, Image, Video Carousel, People also ask, Related searches, Discussions and forums, AI overview",informational,Organic
self storage seo,16,16,70,8,8.69,https://stora.co/blog/complete-guide-to-self-storage-seo,0,0,0.00,0.37,24400000,"[66,52,42,33,33,33,23,23,33,23,33,23]",2024-12-31,"Image pack, Sitelinks, Reviews, Video, Ads top, People also ask, Related searches",informational,Organic
cost to start a self storage business,9,9,40,14,1.42,https://stora.co/blog/how-much-does-it-cost-to-build-100-storage-units,0,0,0.00,0.24,285000000,"[28,28,71,28,71,100,100,28,71,57,28,28]",2024-12-27,"Sitelinks, Reviews, People also ask, Related searches, Discussions and forums",informational,Organic
cost to start a self storage business,15,15,40,14,1.42,https://stora.co/blog/how-much-does-a-self-storage-business-make,0,0,0.00,0.24,285000000,"[28,28,71,28,71,100,100,28,71,57,28,28]",2024-12-27,"Sitelinks, Reviews, People also ask, Related searches, Discussions and forums",informational,Organic
average cost to build self storage units,6,6,50,11,1.42,https://stora.co/blog/how-much-does-it-cost-to-build-100-storage-units,0,0,0.00,0.45,49300000,"[23,33,23,33,23,23,33,23,33,23,23,23]",2025-01-03,"Sitelinks, Reviews, People also ask, Related searches, Discussions and forums, AI overview",informational,Organic
self storage profit margin,15,15,70,26,2.21,https://stora.co/academy/are-self-storage-units-profitable,0,0,0.00,0.03,7810000,"[4,4,4,4,4,3,3,3,4,4,4,4]",2025-01-03,"Image pack, Sitelinks, Reviews, Video, Featured snippet, People also ask, Related searches, AI overview",informational,Organic
is storage,18,18,30,23,6.98,https://stora.co/academy/is-self-storage-commercial-or-industrial,0,0,0.00,0.18,3190000000,"[100,100,18,18,18,81,18,9,0,0,0,9]",2024-12-28,"Image pack, Sitelinks, Reviews, Video, People also ask, Related searches, See results about",informational,Organic
income from storage units,9,9,110,23,2.13,https://stora.co/academy/are-self-storage-units-profitable,0,0,0.00,0.13,105000000,"[41,41,82,41,52,52,64,82,82,82,64,52]",2024-12-14,"Image pack, Video, People also ask, Related searches",informational,Organic
free self storage software,14,14,30,27,10.74,https://stora.co/,0,0,0.00,0.64,254000000,"[18,9,18,18,18,0,0,100,81,9,18,18]",2025-01-07,"Sitelinks, Reviews, People also ask, Related searches, AI overview",commercial,Organic
self storage business model,7,7,40,12,1.37,https://stora.co/blog/how-to-start-a-self-storage-business,0,0,0.00,0.06,510000000,"[18,18,36,27,18,18,27,27,18,27,100,100]",2025-01-01,"Sitelinks, Reviews, Video, People also ask, Related searches, Discussions and forums",informational,Organic
self storage business model,10,10,40,12,1.37,https://stora.co/academy/are-self-storage-units-profitable,0,0,0.00,0.06,510000000,"[18,18,36,27,18,18,27,27,18,27,100,100]",2025-01-01,"Sitelinks, Reviews, Video, People also ask, Related searches, Discussions and forums",informational,Organic
self storage security solutions,19,19,70,15,6.98,https://stora.co/academy/an-operators-guide-to-self-storage-security-solutions,0,0,0.00,0.34,195000000,"[21,21,100,35,50,50,35,35,78,50,28,21]",2024-12-16,"Reviews, Video, Image, People also ask, Related searches, Discussions and forums",informational,Organic
how much does a storage building cost,17,17,40,14,2.11,https://stora.co/blog/how-much-does-it-cost-to-build-100-storage-units,0,0,0.00,0.64,696000000,"[4,4,6,4,10,8,10,4,4,6,10,14]",2024-12-25,"Sitelinks, Reviews, Featured snippet, People also ask, Related searches, AI overview",informational,Organic
how to start storage unit business,5,5,70,13,1.38,https://stora.co/blog/how-to-start-a-self-storage-business,0,0,0.00,0.26,400000000,"[50,50,64,64,50,50,64,50,64,64,50,50]",2024-12-20,"Sitelinks, Reviews, Video, People also ask, Related searches, Discussions and forums",informational,Organic
storage unit business plan,13,13,140,15,1.95,https://stora.co/blog/how-to-start-a-self-storage-business,0,0,0.00,0.24,222000000,"[52,66,52,52,52,66,42,42,100,100,100,100]",2025-01-06,"Sitelinks, Reviews, Video, People also ask, Related searches, Discussions and forums",informational,Organic
self storage images,19,19,170,32,2.63,https://stora.co/blog/leveraging-ai-for-self-storage-images,0,0,0.00,0.15,519000000,"[66,66,80,80,80,42,100,66,52,100,100,100]",2024-12-14,"Image pack, Reviews, Image, Related searches",informational,Organic
how much do storage unit owners make,9,9,50,9,0.00,https://stora.co/blog/how-much-does-a-self-storage-business-make,0,0,0.00,0.01,76900000,"[23,23,52,23,52,52,17,17,64,17,11,17]",2024-12-31,"Sitelinks, Reviews, Video, People also ask, Related searches, AI overview",informational,Organic
cost of building self storage units,9,9,70,8,1.47,https://stora.co/blog/how-much-does-it-cost-to-build-100-storage-units,0,0,0.00,0.69,90800000,"[50,7,78,100,100,64,64,35,50,50,35,14]",2024-12-13,"Sitelinks, Reviews, People also ask, Related searches",informational,Organic
self storage automation,15,15,50,5,7.74,https://stora.co/,0,0,0.00,0.11,101000000,"[64,41,23,29,23,23,23,17,23,17,17,64]",2024-12-18,"Image pack, Reviews, Image, People also ask, Related searches",informational,Organic
mini storage software free,13,13,30,18,10.74,https://stora.co/,0,0,0.00,0.64,144000000,"[18,18,18,18,18,18,18,100,100,18,18,18]",2025-01-05,"Sitelinks, Reviews, People also ask, Related searches",commercial,Organic
how to own a storage unit,6,6,70,22,1.14,https://stora.co/blog/how-to-start-a-self-storage-business,0,0,0.00,0.27,460000000,"[29,29,52,41,41,41,41,41,41,52,41,29]",2024-12-20,"Sitelinks, Reviews, People also ask, Related searches, Discussions and forums, AI overview",informational,Organic
storage building business,8,8,30,31,1.69,https://stora.co/blog/how-to-start-a-self-storage-business,0,0,0.00,0.74,919000000,"[57,42,57,42,28,42,42,28,28,42,28,42]",2024-12-14,"Local pack, Image pack, Sitelinks, Video Carousel, People also ask, Related searches, Discussions and forums",informational,Organic
cost to build storage unit,8,8,70,8,1.47,https://stora.co/blog/how-much-does-it-cost-to-build-100-storage-units,0,0,0.00,0.69,223000000,"[10,10,14,14,14,18,18,14,14,18,14,10]",2024-12-28,"Sitelinks, Reviews, People also ask, Related searches, AI overview",informational,Organic
annual income owning storage units,15,15,260,22,0.85,https://stora.co/academy/are-self-storage-units-profitable,0,0,0.00,0.07,2510000,"[20,20,20,20,20,20,16,16,13,16,13,10]",2024-12-13,"Sitelinks, Reviews, Video, Featured snippet, People also ask, Related searches",informational,Organic
mini storage business model,12,12,40,12,1.37,https://stora.co/blog/how-to-start-a-self-storage-business,0,0,0.00,0.06,304000000,"[9,9,9,9,9,9,9,9,9,9,52,52]",2025-01-01,"Sitelinks, Reviews, Video, People also ask, Related searches","commercial, informational",Organic
mini storage business model,15,15,40,12,1.37,https://stora.co/academy/are-self-storage-units-profitable,0,0,0.00,0.06,304000000,"[9,9,9,9,9,9,9,9,9,9,52,52]",2025-01-01,"Sitelinks, Reviews, Video, People also ask, Related searches","commercial, informational",Organic
self storage investment,13,13,90,27,2.54,https://stora.co/academy/are-self-storage-units-profitable,0,0,0.00,0.22,139000000,"[29,41,52,41,52,64,41,52,52,52,64,82]",2024-12-17,"Knowledge panel, Sitelinks, Reviews, People also ask, Related searches, Discussions and forums",informational,Organic
how much does it cost to open a storage facility,9,9,70,14,1.41,https://stora.co/blog/how-much-does-it-cost-to-build-100-storage-units,0,0,0.00,0.32,177000000,"[17,23,28,23,23,23,28,12,10,17,17,17]",2025-01-07,"Sitelinks, Reviews, Video, People also ask, Related searches, Ads middle",informational,Organic
north bartlett self storage,4,4,70,18,1.42,https://northbartlettselfstorage.stora.co/sites/north-bartlett-self-storage-self-storage-units,0,0,0.00,0.1,842000,"[0,9,9,100,18,81,81,81,100,100,100,63]",2024-12-20,"Knowledge panel, Image pack, Sitelinks, Reviews, Video, Image, People also ask, Related searches","informational, navigational",Organic
selfstorage software,8,8,40,42,9.64,https://stora.co/,0,0,0.00,0.45,4620000,"[3,3,9,6,6,3,3,3,12,6,81,9]",2024-12-28,"Sitelinks, Reviews, Video, Related searches",commercial,Organic
self storage website software,9,8,30,48,14.52,https://stora.co/,0,0,0.00,0.28,233000000,"[22,22,22,22,22,22,100,22,22,22,22,22]",2025-01-07,"Sitelinks, Reviews, People also ask, Related searches, Discussions and forums",commercial,Organic
how much does it cost to own a storage facility,9,9,40,13,1.06,https://stora.co/blog/how-much-does-it-cost-to-build-100-storage-units,0,0,0.00,0.33,129000000,"[28,42,57,71,71,57,42,57,71,57,42,42]",2024-12-20,"Sitelinks, Video, People also ask, Related searches",informational,Organic
roi on storage units,19,19,70,22,1.74,https://stora.co/blog/how-much-does-a-self-storage-business-make,0,0,0.00,0.09,16000000,"[77,55,77,77,77,77,77,55,77,55,55,33]",2024-12-14,"Image pack, Sitelinks, Reviews, People also ask, Related searches, AI overview",informational,Organic
cost to start storage unit business,9,9,50,14,1.42,https://stora.co/blog/how-much-does-it-cost-to-build-100-storage-units,0,0,0.00,0.24,290000000,"[71,71,71,71,100,100,100,71,100,71,71,71]",2024-12-14,"Sitelinks, Reviews, People also ask, Related searches, Discussions and forums",informational,Organic
how much can you make owning a storage facility,13,13,30,21,2.45,https://stora.co/blog/how-much-does-a-self-storage-business-make,0,0,0.00,0.07,260000000,"[28,57,57,42,57,42,28,42,57,57,42,42]",2025-01-03,"Sitelinks, Reviews, Video, People also ask, Related searches, Discussions and forums, AI overview",informational,Organic
how much can you make owning a storage facility,15,15,30,21,2.45,https://stora.co/academy/are-self-storage-units-profitable,0,0,0.00,0.07,260000000,"[28,57,57,42,57,42,28,42,57,57,42,42]",2025-01-03,"Sitelinks, Reviews, Video, People also ask, Related searches, Discussions and forums, AI overview",informational,Organic
how much to build storage units,11,11,320,16,1.23,https://stora.co/blog/how-much-does-it-cost-to-build-100-storage-units,0,0,0.00,0.42,261000000,"[82,82,82,82,66,100,82,82,82,82,66,82]",2024-12-26,"Sitelinks, Reviews, Video, People also ask, Related searches, Discussions and forums, AI overview",informational,Organic
are storage facilities profitable,6,6,110,18,1.15,https://stora.co/academy/are-self-storage-units-profitable,0,0,0.00,0.02,12800000,"[81,63,63,81,100,100,100,100,100,100,100,81]",2025-01-01,"Sitelinks, Reviews, Video, People also ask, Related searches, Discussions and forums, AI overview",informational,Organic
